time,col1_boolean,col2_boolean,col3_boolean,col4_boolean,col5_float,col6_float,col7_float,col8_float,col9_float,col10_float,col11_float,col12_float,col13_float,col14_float,col15_float,col16_float,col17_float,col18_float,col19_float,col20_float,col21_float,col22_float,col23_float,col24_float,col25_float,col26_float,col27_float,col28_float,target_boolean,target_boolean2,col31_integer,col32_integer,col33_integer,col34_integer,col35_integer,col36_integer
0,1,1,1,5.10298497528442,5.60401472843207,5.415609811308701,3.694003583027272,4.498894583407099,5.153820793892496,6.266713680737016,5.1824854970834195,6.4623220908695345,5.3363224852656215,5.128477656942715,5.330066211555275,5.302928067953811,4.122047585111229,6.039503770807566,4.094660874918074,3.5017486598014695,4.746955198070605,5.157880949828124,2.079508993914868,5.823289920720095,5.392558053588537,5.634153277905453,6.145053916539007,5.698967646743414,0,0,0.5932957607488427,-0.9995542718927164,-0.5806135344472323,-0.9718838782134908,0.8570781912191123,0
1,1,1,1,4.7417308589690235,4.202277946156134,6.343484769816418,6.565703885233509,4.471158080427182,3.955980262626893,4.4232498835124305,5.971415202402797,4.616273374769942,5.371645453057749,5.441571148127827,5.646338041225991,5.275320021565202,5.192055104892165,6.011448677614707,4.639863086521821,6.380387739836646,4.935568817670257,4.640113207114357,4.956926655877659,4.5475654499635265,5.830834489972215,7.266220134075025,4.623126535628396,3.6540447604699318,0,0,0.2740358898526765,-0.7157956825409685,0.6145339406202449,-0.5560134052952095,1.1630406771105286,0
2,1,1,0,3.857965873231751,4.341363817063414,4.157317882264654,4.477461836715366,4.960075879923176,5.117158331571854,5.9103601044595955,3.7774386569833096,5.712593031160175,7.045119014084893,4.236979725184625,4.992917765843203,6.917375578365422,5.132928553707549,6.312178169241495,5.3508496078486765,4.939141508202238,6.731435502273711,3.9381623129110253,5.227965458887937,4.934779475697312,5.721133183289501,4.645360326091484,4.53958230552594,4.870938647371798,0,0,-0.7311458472472376,1.7625752537673511,-1.8586141149758748,1.9187075244614946,-1.318223401487671,0
3,1,1,1,5.782634188736762,6.362689680662913,2.9493766267726786,6.3935059129255745,6.282984193292578,5.150888753227268,4.37851657469332,2.949779181042423,4.3965602452034105,3.505488816510968,4.338142985815894,5.500981331963828,4.573388360950698,7.106827641053755,6.993248497714148,3.122582598263863,6.320122157121967,4.2836539934834805,3.790150103855612,6.836714088566024,4.232862969226555,4.5926209995573615,4.120594241966192,2.405671816254028,5.945970245820629,0,0,1.0250182030909618,1.5999643509139698,-0.5610108858595135,1.186656831175125,1.2968565053854186,0
4,0,0,0,5.697788638205957,6.599959381544528,5.4985834814293195,5.60567087276068,5.884044611423858,5.362986399299122,5.267818733442725,4.151085534863462,6.446050088606411,6.103085709623493,6.011785095581473,5.361139792390697,5.239394363946376,5.3756493459212695,3.7604646506891486,5.601415203662115,3.5806489527018854,4.358702752754914,6.097190090683647,5.321590877854612,6.140739686972391,4.9146211462690355,4.912932352099871,5.179040359593078,6.753543201754738,0,0,1.351301428795545,1.820573699803875,-0.6934413413715094,0.2282285165671171,-1.9461465315008208,0
5,1,1,1,4.9906760170628095,6.571189417146845,3.958033492012399,7.613175242057254,5.180164024998166,4.70419734459942,5.163958568422083,4.4924256497167665,4.037303524800999,3.210337490359686,5.587388519307454,4.641508750125102,5.869517834406901,5.446622694476477,4.735121696491238,5.147318620665849,4.4413123477609275,5.258524961660129,6.65503120332255,5.035687421710842,4.831135780324728,6.035575034241915,4.171218420704579,5.87681602683419,4.484889852417045,0,0,0.22743794475889056,0.8593801601215247,-0.7060896967402197,-0.0846952199013714,1.9902876955538495,0
6,0,0,1,4.027059012428824,4.080876984744551,5.7497870676123535,5.223931725673686,4.056440869975488,6.104405084231099,6.321605667835824,5.6767427218713875,3.925826429426756,2.922584971036413,4.990724172373129,4.928594940481899,6.499837433897689,3.7806009268287935,3.3577878260393486,5.274393542716511,6.100015488890208,6.889993000181046,4.7947668866271185,5.179747104368585,3.9799202742127835,4.756909285337522,3.9054248149628457,4.007710517602804,4.773511901763814,0,0,-0.16531016435001175,-0.060109198843171285,-0.01881752326804008,0.45246820271007765,2.246581391905453,0
7,0,1,1,4.132626006053362,3.802301740337501,4.699515848707979,5.50315733303076,5.4816086236976735,5.197897105117458,6.707760103027349,6.695733924684678,6.089596404623796,6.276689756829183,3.2857129557792044,6.536803150894954,3.619088113642194,5.436370773972651,5.3627463851294515,4.968346502308364,5.978547020822308,6.228823101780232,4.516241648396486,7.263698286315992,4.236735329365067,6.0098245756128845,4.766056015475867,5.432406991252978,4.575283912996124,0,0,0.6648563635833654,0.23813959296342857,-1.0798610732925138,-0.42275512088761147,-0.45808977563276604,0
8,1,1,0,5.726347118068873,3.7825576491555934,5.244123200829793,5.824549636085039,5.4937238998941575,4.2720770177635705,6.250487371856447,4.818579178836905,5.11602741726311,4.7201136048115035,5.609225331691688,3.4722293242092017,5.293399684557338,3.334629064852038,6.12821147019341,3.832104732537622,5.086489029408656,4.839652732081347,4.674166291278594,4.25249216627182,6.048324602071208,6.453049185542587,4.387176174264504,4.342337982390493,6.0123010727507085,0,0,-1.5291960162288467,0.2279288708210069,0.10055009486186102,0.12588195940826355,-0.1638771473319383,0
9,0,0,1,2.76814771988969,4.292350611382658,4.884241284829837,5.0850394324588235,5.745319138727347,4.054810922814682,7.462080064641558,5.801724102727514,5.90636005414117,7.352747455223032,4.332369865883547,3.879974759288297,3.591811364518476,4.685131004332432,4.579756153029761,5.0528127936303955,3.3709423873508397,4.464295364084929,3.638530944492107,4.082347864948806,5.658492811828003,3.6639157185587843,6.882295837468121,5.6154521521925025,5.0081877718216665,0,0,0.02901149099133554,-1.3635203075330566,-0.41515569833864263,-0.5844317363902823,-0.7677317500676254,0
10,0,0,0,4.55220273242648,5.596827176966228,3.7322929816532664,6.04000586668457,4.830418728602428,5.006150141102934,4.329263939957038,4.161926100332592,4.081447165067818,6.2658850327211235,5.598694139567448,4.2749907620863645,6.609974900547901,5.809367490347248,5.939008377043277,5.525993275789904,3.7361688894049534,6.875607263695074,5.289557589957315,3.2752598790259193,4.402774890364615,4.6510296992299995,3.4420276380930215,3.712011393152293,5.415215539897896,0,0,-0.28038631493214144,1.6270021139874606,-0.4286555255831288,0.4968723745035199,-1.4356859479255553,0
11,1,1,1,4.382249895882193,5.781040635243089,5.32799367345746,4.316474979070649,5.520363146289409,3.1572822377331105,7.092853131797572,5.181871227529542,5.846258911983236,4.723543029934684,5.009865631137533,5.217243457905563,6.005959682461931,6.439461519997189,3.591506070526119,5.403752800086634,4.701704022024337,3.3664498794807987,5.72351860080418,4.609938911769524,4.7026068212454275,4.781159295042845,4.984215634646416,5.293974495656435,5.476213203855414,0,0,0.9194670040687951,-2.5379264027196626,0.36815549204732106,-1.811551633353436,-1.1851975633885714,0
12,1,0,1,5.089754203835983,3.933551204232196,4.917507267844743,5.830406247113947,4.9206326047548545,5.003244702545643,7.106175673335164,6.000001065599747,3.0632211596036214,4.579738035440026,5.676927074050113,4.3278720658803636,5.210297219154193,5.001567863860156,6.609367046122916,5.647643338712526,4.6109821398177155,3.8361659039601808,3.6847483425954413,5.119855707095333,5.0224728694383005,6.969547042921748,4.950820623451166,5.589417163888512,5.236451507432685,0,0,-0.10874037096771186,1.9078904000201409,-0.8855632790309971,-0.3428094348555504,-0.29997528601558476,0
13,1,0,0,3.0293436896312986,6.020809108512206,3.5328572079046765,6.454524626129364,5.656980383742132,6.92254043968492,5.5296053286439575,4.730600603038085,6.939337721306659,4.5669440520302444,5.919000143855607,4.893812662692906,3.8519241276590743,4.605899721355034,4.672520127453748,4.849993919392424,4.228783564781999,5.248934784589538,5.875713952029059,3.6464045813929973,4.070104138598619,6.0328812582857765,4.268797993782292,3.2218056431796365,4.730386418692851,0,0,-1.375503052435323,-0.9500595580119955,-0.5941744114887983,-0.10159000630535729,-0.574706013216003,0
14,0,0,1,5.6985668350086724,4.505931781371667,6.045975259903594,4.449298856611146,6.4129213324464915,4.806443146399185,4.039145352082188,3.8342583759168454,5.706807342914298,4.940058849011417,4.957498262938416,4.1833794661226005,5.003708283343422,5.826753493846394,6.086355565433529,4.916772023875378,5.061520422361262,4.428071048757894,4.848291964420694,5.18291707668572,6.469536991104424,4.867892757593819,3.532531438987378,4.822372021265109,4.109866430770024,0,0,-0.38612462383245155,0.44228566867924085,1.0221114556116484,-0.26452519848205863,0.14839423681988329,0
15,1,0,1,4.139599030003005,5.9277583107425365,3.7150916013553363,4.299374041273769,4.028475716223099,6.870509629261797,4.146679048448717,5.851400563547415,5.802191841718063,5.152231786130834,5.3306715389884,4.222688000074025,4.984856527301131,6.642032529539987,6.190967406664196,5.951670569677239,4.4451708382916175,3.6854147720536883,4.621812516388184,4.345234973755118,4.8731830508437195,4.565226082587547,5.524834990101572,4.146659475041217,4.371048445183606,0,0,-1.1109011409619334,0.2588559314662569,1.1517187855082187,0.6842295233156009,-0.7686219061378615,0
16,0,0,0,5.239945599438314,4.6309307921431255,3.633145908746593,3.295783652546923,4.550700736267653,3.7252780823152696,4.843091061585762,5.264174512060493,4.807517421476304,5.149842099683071,3.2081838278708723,4.89327192041199,6.0344167656304135,3.254070691299014,4.990798613505102,6.209156063413115,3.3569372584828825,4.029519080562562,5.729008678038712,5.372411159108037,5.958857234383497,5.502324577989979,3.887071160553058,6.147033132991073,4.628559515540087,0,0,0.28800204040617516,0.6904620829478352,0.08615797577186936,-0.02382374159661427,-1.214055744109513,0
17,0,1,0,5.129492817113382,6.191917885172604,6.6458696412353575,5.408493326774316,4.451490528450063,7.052038765406749,5.330734697856341,5.769808951872669,5.0082839490543325,5.76468494971209,7.541106308452096,2.943445876240224,5.995806864425863,4.720781455981134,5.040251576312017,3.3022894300194716,5.370312285800419,4.362597527742182,6.594288604514868,4.439375272219217,4.383449644692291,3.7571183543367694,4.060991834512682,3.8706193814332397,4.752314582765694,0,0,0.6731281428575528,-1.0945059672684465,0.21590007975483053,-0.4583868806929457,-0.39807479817730307,0
18,1,0,0,6.216693476929375,4.686379752122939,6.888429729690101,5.905307436829864,5.054507919411988,6.3915628975927,3.3121385147255737,5.239295368829426,4.688551166884919,5.108564730349149,3.6835491136631586,4.6302854390624795,3.850136711078176,4.737228796220489,3.0224064483107096,6.489640236180541,4.010124175678948,7.182587292627762,3.365867954076915,7.189260142005812,4.460925532226634,4.328423864374148,4.7908218144484875,4.463713238279611,4.658475840404624,0,0,-1.2655319979537507,0.48261411317124814,1.5542789093393006,-0.3222377633867729,1.010940588294739,0
19,0,0,1,6.298837686396323,5.893926042870578,6.014393722145775,4.5883149562191665,5.528381594308072,5.988804475501054,3.3838341426006986,6.09689988847579,3.3837533434276796,5.089447987929963,5.767396313454986,4.835602742626853,6.383818260372365,3.482927989017823,4.893376712747475,4.328432020853516,4.332422675366482,4.124944293152389,5.92526981863104,5.835379077257768,4.969364976545371,5.41396958932632,6.0400682438012785,3.8305146306389415,5.288047593829669,0,0,-0.5512088118643101,0.14430879500017385,-0.5647013229910982,1.611178009021494,1.2357886090054147,0
20,0,0,0,4.69536726006189,3.890525897253205,5.819954667429952,4.859141049356498,4.135570005458659,5.003017033957173,4.917024508974877,4.09130962276325,5.1228818685481645,4.910088336127371,6.9046334998594885,4.697216346851231,3.828670485706052,5.380358382380208,4.2296437087327075,3.461156007712604,4.676374337494246,4.818973296708779,6.543425673354974,3.7815787709161124,5.183543589675349,7.341811358641296,6.212965856921323,3.3228921052086307,6.299589021090599,0,0,-0.8506399743053417,1.1550740115032834,0.7223320836982764,0.15048769573785692,-0.614822626886468,0
21,0,1,0,5.583945931993854,4.501246779515753,5.252200896616127,3.058600459211088,6.080398365810318,6.312455430542579,4.259514903132771,4.550483215126753,5.486978560055304,6.497495857853826,3.5218021950380156,3.688282983087377,2.7799995471748815,6.20880298389644,5.09301938261475,5.932615838398439,3.622874465734185,4.928465463747885,5.450266498966204,4.74657000992383,5.476086790637202,6.093861554061025,6.718997654192642,5.669594231150396,5.479435150276567,0,0,-1.5665389120165814,-1.3606614235427879,-0.20453234742226714,-0.9930656170395008,-1.1097837402119977,0
22,1,0,1,5.10944473304384,5.607276664057498,4.385928513087772,6.229220703336461,4.607204078828527,5.42225983899366,4.3817888045702125,4.969118668548045,6.661230686889966,3.4195203704339203,4.112369029086097,5.190491283484334,6.055634285642407,6.206338690562468,4.024395868080704,3.6138685527926695,4.49596811671892,5.125276913961347,5.387265507070071,5.79972512167177,6.540995170163736,5.823735303969913,4.677098517324179,4.987155592403019,4.4511579445441205,0,0,3.037506030465782,-0.2881462575246806,-0.6025118647616323,-2.4372788721955136,-0.07940944264864098,0
23,0,0,1,4.350254480760128,4.591121405113695,5.009357501839733,3.7534552428565835,4.179675548193357,5.059217924104679,5.436985490011036,5.3237394053799045,5.257113756870895,3.7361457405190173,4.180019786215793,2.910326404198785,4.045442296405507,4.979902950306491,5.4931524719919045,4.512850719860979,5.185740112031904,3.9491405464084064,4.600776823636504,5.13905844561015,6.163214623064222,3.7808653785333863,5.604018614643214,2.8212732677494303,3.1558876918740415,0,0,0.6801215425011947,0.3524288877765351,-0.759696858799032,-0.1716788011236963,-0.5256121107887209,0
24,1,0,1,5.542098122962551,6.085264620629804,4.160709071327048,5.228234860733593,5.960925985451415,4.494895223766585,5.776659521408815,3.09025317050921,5.427059025637789,6.263807295366195,4.945342788782993,5.0683367459141655,5.692387250592922,5.598748782464081,3.5019785114403965,5.3249372899841365,6.25398886780197,4.1376454449372355,3.4749031575374305,4.210039373645942,4.022543908321181,4.797848821443674,5.370045447951005,5.7403418470491845,4.432715412926301,0,0,-0.427825576286606,-0.17709955118703422,-1.8185031404869725,0.5003029792037402,0.6383861364516646,0
25,0,0,0,6.157102325708995,4.154811436918356,3.9124570082215335,6.707107559845829,5.324658790409489,5.710695028751394,2.935790597302409,4.556113479619773,5.280430040413506,4.801971193106543,5.776069429662876,3.90015594329781,5.572650770526514,5.327506040963768,5.200641491349097,5.559298984561208,6.357810826614702,4.1472675559703145,3.0702584484021873,6.296363295926717,4.702621363380466,6.3062913397028115,4.6426759510940325,4.6862103149598315,5.502744186499807,0,0,0.22280266490014336,0.7976065393310868,0.5514930835133645,-0.5729771947992384,-0.4859514367676864,0
26,0,0,0,3.3059847049026407,7.201913311004024,3.5218251171415464,5.980131917171001,5.741419270756869,5.820449793254474,4.481675211880191,5.743046981581448,4.355050764113069,6.07449744780355,4.620714164419122,4.237421474757521,3.230311564590579,4.534927020711087,3.4927203077082885,4.175383917385831,4.072949003592373,4.22262831636584,3.278455183123946,3.8327870116696885,6.214391731523191,5.788386604629846,6.192580764235467,4.41104232713784,5.860099989244301,0,0,0.20566391235346027,0.1693142070465422,-0.4455962032451918,-0.43114152885359086,0.8715580167777472,0
27,1,1,1,5.197985074451875,5.492634790657657,5.579332026228123,4.763957825624623,4.948473555907793,5.531810886329146,4.740183959443343,2.82450874730866,4.454716992963623,4.336491966810501,4.866322977419002,2.933492275766603,6.1450439106273524,6.280907220715423,6.595396029812983,6.92368347158137,3.5490938237425,6.83070158083645,5.767798423915652,4.146932886303571,6.769873100828716,4.806817228799984,5.230589543985949,3.7508765315555337,5.069157796020556,0,0,0.3837818256930556,1.029196829894753,0.11178644340267165,-0.2176573784315557,0.5889347512878287,0
28,1,0,0,4.523589626797234,4.2405483366537755,5.277361612419095,5.343856445581111,3.5727085086679784,5.263721382622709,4.42687306296905,5.758839065423211,4.350561908848953,3.7969033538744776,3.6948309723989703,3.880803670799062,3.4644196047939593,5.699027948432945,4.445833375365389,4.164830743517138,6.165570691568164,6.466743051995442,4.781330862128748,6.7392946967939125,5.012068343862947,4.827199390913015,5.098737582431544,6.61885518856019,4.393435225140885,0,0,-0.6887526982120631,-0.07643145051991891,0.25174706503713395,1.0452882656499292,-0.2736662869483216,0
29,0,1,0,3.1713832183395985,3.869715865604517,5.846499891775116,3.816326725269423,5.177797082313168,3.3264267099384774,4.709469304018975,3.655546165702617,4.492258151663337,6.044514685755468,5.873573536023501,4.192913830611914,5.289065318661674,2.9545134414269594,5.222898070326115,6.797914585756266,3.846165220498209,6.133594152546134,4.716373896756125,5.255080226966831,4.49209754032224,6.058559416870352,6.5493912173265825,4.947126303361822,6.178096308338828,0,0,-0.9721069721325196,1.0342873897730291,1.0123514767705126,0.44613176558417666,-0.9489244495416665,0
30,1,1,0,7.434825376083467,4.741837090011478,4.546408942346371,5.88375318372113,2.2836845297058694,4.445773097483929,5.000720640862566,4.861669925460361,4.6701575862908085,3.7704088694956814,6.151130123508031,4.039962781358818,6.331729925432541,5.48767146795493,4.180682960988595,5.343922894576421,4.367091128085063,4.301297661445042,4.045865781011802,4.073270192478361,4.37967998340328,6.147871724016355,6.069671478534646,5.7125352420460676,5.890797749564405,0,0,1.3702233749882122,-0.6677372680603506,0.7680397071302629,1.6225637004712878,-1.8754772611035795,0
31,0,1,1,5.633329736243584,6.099139103936842,4.691765868625214,4.378863009191024,5.6353779489767275,6.142155900431478,4.367934807299136,3.5741517209938634,4.428548952640209,3.0985372442189356,4.018294843585284,5.745971915827772,3.31328541295057,4.815449974538114,4.427686136790552,5.218692187141216,4.033886223402728,5.514489748004583,5.256177216837262,6.080447269987062,3.595384103520215,5.817718888478975,4.561551333919124,5.690273762614651,4.831591902062666,0,0,-0.16425281953356624,-1.4338755237084813,0.5510315280830242,1.074432831097587,-0.31856433071418366,0
32,1,0,1,3.957840412212766,5.306327271096825,3.449317358560938,5.56373716909866,5.194044720478363,5.121889883801481,5.714266329485112,4.2350483746732,5.0067794634847145,5.2459577039383,4.129089499173458,4.36018475222179,7.453382324545628,5.115455837430903,4.088012323379962,3.816350344550415,4.319430019973799,4.956928021074789,5.6387497646365805,5.000043804287092,4.710627268028174,5.499079808584877,3.3808338484774962,3.359321438691008,4.405108818517208,0,0,0.3865913900203965,-0.843350734756246,-1.5956537289015276,-0.07113535873112425,1.55633703452919,0
33,1,1,0,5.698677983321133,5.3486161472943525,3.2324938593590415,3.899360559505892,5.188851565625345,3.338068312387802,4.94706190083143,5.785826861916611,4.088541226644909,5.5639273889525676,4.621994688000094,5.508475878612779,3.2417779182969935,4.461866280011635,5.851003079953799,3.579807109450768,3.8029309599853187,5.370630628859313,4.97892589407211,4.684769132213947,4.3273426433402555,4.689361402478835,4.97156629092437,5.6535398726919395,5.529043726478673,0,0,-1.7969733998896134,0.8095977799531515,-0.06396330954297694,2.473326624886497,-0.22095594214195927,0
34,0,0,1,5.427694877305069,5.961911040993391,5.491011535430641,4.543937295309737,4.105287995141233,5.6825734850036795,4.827161830966751,7.006921539425566,3.572145206814553,5.069315529732803,6.042180464315447,4.946840095941539,5.3170685820223715,5.395872701911919,5.598918298108693,4.080256962206393,7.848965911912578,4.5928798617870505,3.6393227109156205,5.810054968903057,6.440640430899981,4.915051124127046,5.6302732852571165,6.020464103299158,6.687107731094328,0,0,-0.1921091260017258,-0.24017622144027273,1.2489808978143135,-0.09094126726113687,-0.8316044097549999,0
35,0,0,1,6.200178546441488,4.174731425065238,5.034857074952126,4.700794097414137,4.391556397062255,3.9687851798392515,3.9400513979081975,4.6429527465676825,4.408319322488167,2.5224017124563285,5.824325950064554,3.82613098210227,5.682792957148202,5.764364146597905,6.158243702489863,4.610203259214143,4.352348147227377,3.349453862998577,3.173741519686812,3.25775167171463,3.8708767877688595,4.690432552848774,4.351655900115013,4.945489033450707,3.925409817405936,0,0,-0.3980787136050569,-1.6098924215198744,0.7772436198365238,-0.45798178528054434,-0.8631131446364309,0
36,0,1,0,4.179526339771865,4.779493172242236,4.109990989598193,3.9778922885199934,4.402261882638258,6.093380159924703,4.086143625068614,4.5403233011295026,3.9758340709530833,4.621761166957975,4.766066957902807,3.2808143664937655,5.992649174316446,4.022713427732884,6.336204207999021,5.282018128516544,5.615060399277995,6.683678419192524,6.537449052731828,4.845841462138639,3.9187833887278307,4.239988594478353,5.386885957635425,5.064946699130294,4.2532140989908225,0,0,0.5475416647481195,-0.5961971323958289,2.5785836179863644,-0.12308530956248905,0.7156343598563566,0
37,1,0,1,4.049585191956084,3.3360342568103127,5.069508732695707,3.6905258980006597,4.981637261739559,3.419081139650908,6.096111908507133,6.837522885554032,5.014495242658122,5.028776551385221,5.275142460254739,4.593160768819856,5.831639249569012,5.185133774615229,4.206171689132338,4.536383970347491,5.689325930489365,4.8489233006737145,3.5618154591529807,4.9452448207518716,5.759399589799624,5.4317607021486785,6.095035144567305,3.567841057024838,4.4133511519587305,0,0,-0.09002935404653509,0.7987169879115311,-0.2347764195412041,0.15644660307885191,0.90544721584948,0
38,1,0,0,3.9894528260695292,5.548323336567578,5.540537141219727,5.641477316128163,5.811795471332373,4.176753475717482,3.997801361588708,5.128569796850176,4.112084029033785,5.417217559187783,4.574995774111599,1.8668957634817693,5.30577495975578,4.555839509911097,3.277323035825453,4.075218728070423,5.590559251857686,6.0781948685213125,6.9615083678863945,7.194274660699518,2.0700662986383636,5.056887067955024,6.325302165064605,4.558753271478897,6.078838778706819,0,0,0.05985310423586496,-1.3401369220128037,0.20266623544714343,0.4380442362127596,-0.09362312381008923,0
39,0,0,0,6.962369604086811,4.657018046068204,6.459205777878816,4.960668077523081,4.295535929961978,5.894846292573196,4.207328535680666,6.166414662121684,6.5602187619556815,5.018334993940343,4.281764013424929,5.9752145937837104,5.467937117806561,4.428478850708394,3.736568308479828,4.9635408619191175,6.170884491334688,5.263278668243625,7.3994034551714405,4.857923728766079,3.773039688055297,5.641182664734211,6.662356880809674,6.15783179859765,5.7798376797081765,0,0,-0.7352270136305876,0.003965245837324893,0.37894691760081983,0.374005969244214,1.424124666147913,0
40,0,0,0,5.761727713817338,5.361918534214243,5.988385916179711,4.509345225397914,5.760831028693383,3.773819207104128,4.9668705475694,4.336283989134622,4.6509291731835605,4.826332226370631,4.94724691582889,4.933281185446394,5.633859070373338,4.580547122909617,6.282704689955884,4.805374513542847,5.613165633524191,4.901842861898632,5.440199048919836,4.950619819792006,3.5266449654263123,6.945235809973014,5.381766916729579,6.389014831936556,3.737739190266626,0,0,-1.1746798468252018,-1.0937592289298224,-0.744365938973502,-0.3897049713236889,1.426887334053305,0
41,0,1,0,4.976046365551902,5.050764707415773,6.80659421152792,5.110008067840366,3.395470985457087,4.535235240042037,4.708972652270886,5.6772550313973085,6.191168303193416,5.923980786451881,4.357458899475808,5.283264523365242,4.659928368306942,3.5073247657252735,3.6460300738349614,5.205822628511662,4.794113895438727,3.795285849387369,5.770724853030914,5.257714116287298,4.934578097089883,6.92525488743998,4.816147996286633,4.111114756968065,5.425451906037047,0,0,1.0363632751415395,0.1612334204787921,0.2010675256064436,0.8394826504143984,1.204118110785507,0
42,0,1,0,5.232889848251461,5.225396965482778,5.5963623797291095,4.3363437108119465,7.069062484499824,3.5547083227009955,3.8201186958881284,6.408201667973434,3.624853981274175,5.679913125677986,4.908517204104787,4.5364182577694345,3.837682097375091,5.395694231169285,3.344575632013517,3.4126706929838453,5.270095704051321,3.6081829018360594,4.577953440717192,5.027341152058824,4.083608647073765,5.629855384156197,6.1372473542498005,5.333040955015605,5.251179680094833,0,0,-1.7145487879307806,1.020419748471302,0.7905521449667655,-0.33447971507417645,0.6507897317506955,0
43,1,1,1,6.549838602930136,3.3625268157755572,6.383565615893831,4.267594725408668,4.5960040488563605,3.720415246898142,5.340378001113662,4.624745316435372,5.302701282236535,3.9579973357305214,3.7830288742831546,4.990881739253767,4.339978928255414,5.192698063984405,4.884003672727971,5.96107679637788,3.7656829585209297,4.292767217250915,6.234117501153621,5.198532456071762,5.108668936793439,5.535864059553942,5.439549439053963,6.171987193779179,3.56141607848899,0,0,1.0060302247108739,-2.3161934608352244,-0.5143763392010765,0.5047348155886009,-2.2412363974312735,0
44,0,1,1,6.841326423248018,6.849729193270426,6.09695062306435,5.942286624168451,5.597579962451511,4.494016130178688,4.6523371881042825,3.7096759324165873,4.917241148453152,4.979090365488397,4.57961535580066,4.154769372631858,2.838403600432764,3.1509583944941166,4.478924905260023,4.182252483400973,6.070023129227319,4.9149831245313385,6.857386838912255,3.771769690787499,4.955033810556986,3.5746429272520324,5.584072744993476,4.3145662998481065,3.7197232729833223,0,0,1.1631548039886024,-0.6224012253183906,-0.25448156975142444,-0.5188891598761748,0.4725300181415381,0
45,0,0,1,5.858512537804393,3.539104378561742,4.412073058649491,4.522897481934349,5.471616304737085,4.0558238323556175,4.221046972379578,6.071970850308748,7.235933659762507,5.492720227752604,2.7045842583652595,7.461256275345471,5.192836778947556,4.919946432711977,4.235497225809228,6.973864206049106,5.369923653725729,4.554495025355252,5.372155768129319,4.6840592626176445,7.305257273508011,3.6822069610181805,4.759843269526722,4.898838694818147,6.117937902298827,0,0,1.1029841774272529,0.3113053598008848,-1.0469807588729312,-1.5868172814699222,-0.4060668853608162,0
46,1,1,0,4.281509531845481,4.01859793965498,5.424070821469095,7.706626721973273,5.439549594350311,6.0951873962549055,4.5205753750207345,4.209774173617567,4.360424129474063,4.200395967680129,5.9518679360140885,7.339081232245434,7.80712669084134,4.531801080014329,4.205679764305055,6.696327950672903,5.836195661448316,2.916567403346382,4.804791613266151,5.740029534700719,6.1597903838740855,6.687176287085405,6.142364652669593,5.159033372787054,3.284738384745996,0,0,-0.27822482856803266,-0.26260142243652584,-1.3196470090919843,1.2365141278284308,0.7050679609131463,0
47,1,0,1,4.767323142647629,3.4697794884638262,5.920018452041732,4.626514995365243,3.742216030991292,6.932643676535558,4.938421179339266,5.983444729924594,4.977278313727427,5.577229940864516,5.374014762812369,3.967969926841664,5.791934882164259,4.373430838952859,4.289964969160755,3.469338548467883,3.660105488669271,6.003966046163167,4.099402069736796,4.372831942787103,3.892408309667055,5.285656368872467,4.0879911074372375,3.7688553805048426,4.169205669053557,0,0,-0.19979087198171186,1.7935544673438684,-0.6738544069650138,0.0470026311348416,0.855349784218746,0
48,1,1,0,3.7198989781797294,5.075742214103416,5.4043250799375775,6.248573268266728,5.21703812088752,3.858513482304483,6.320894123958835,4.981119086557825,5.542304662409515,4.090911323428102,4.138962883377393,2.970738380702123,3.90315873563772,4.743494977356901,5.0510258567999555,4.996472418282049,4.564557171801063,3.3115924492322604,2.9294587658213795,4.924152946710923,4.939478408022561,4.432626394535883,6.22962151523826,3.148308226237493,4.636108832572355,0,0,0.2347114329937597,0.9479248032684977,-0.384696298073642,0.20354470517589024,0.12703163133493353,0
49,1,0,1,5.714591951805924,6.163818697928791,6.317738056379184,5.9239505598077775,3.7363797311560005,6.209138584112419,7.052964015072503,4.096988360045416,5.022355308703199,3.785819178779221,5.404055281378667,5.637490492898795,6.607277167305006,4.119540608973051,3.22173396555545,5.191282541910147,5.9599996528160295,6.539867766666285,4.686298321212582,3.170979517736426,4.092947623985934,4.574396204228403,5.509756333275808,4.634332966804207,3.7926143481322256,0,0,-0.4831890001492265,-0.596253407765694,1.2533384172150686,-1.0005121735274798,-0.4790317133364446,0
50,0,1,1,5.935323433353529,3.926000809866667,5.4845387046777265,5.4123743178472346,3.3610006010778095,4.3164086595675295,4.400058364325599,5.105071597907828,4.100278695627072,6.123814305502418,3.5122961724114976,7.557761058098662,6.4773548057531825,3.936979659037429,5.264181515862695,5.306043622017058,4.18389503663324,4.575424187373018,4.127677012420888,4.861913980853129,4.403094082911796,3.7622995177276652,5.729411023459093,4.243242624121507,3.730458713864222,0,0,-0.23186049184632684,1.409549613648672,0.710097868057992,-1.0920428901118995,-0.37575381628055615,0
51,1,0,0,4.675159044474639,6.422099962910712,4.5446159699007875,6.004345568207721,4.307540087915182,5.007748429175958,5.511269099012263,3.535237346063354,5.33657663153757,5.006292811704089,6.446652869737545,3.8191425691124534,6.732051216652794,5.119824877419438,6.172481245391645,4.307129385892678,5.012318279159027,5.65534114168646,3.3006304206541577,7.156375547890845,5.104934766782665,6.555594732111052,4.991152569243663,4.54699770532626,5.089001641555335,0,0,1.1153881583359404,0.7223710805151305,-0.8480411420904569,-1.2629666378111084,-0.02703655497117014,0
52,0,1,1,5.837715830103271,5.938537031568396,2.8634864734204104,3.3032972069119255,5.478327659696833,6.9459780816960945,4.957764384189185,6.143101846140525,3.5243845759813155,5.749576400387431,4.754436441779122,5.601154035998463,5.276976739148801,4.077339059838677,3.3390227366702465,5.319781048162171,2.459474382842861,5.295298158100896,4.424328032841641,5.344897074548867,4.1668769039040034,6.484987669063553,3.803408151058627,5.73503408771248,5.661615909037204,0,0,1.329529125348775,0.8102959764711073,-1.7982556422058242,-0.08682422140045536,0.6021664437899755,0
53,1,1,1,3.995941015326127,4.949172481125034,4.599813260953172,5.361091796425392,5.140406399544336,4.573566160963969,3.6933070643904595,4.180998465456358,4.881895134025232,5.306164291575528,4.683371864406536,5.893485044359121,4.517971897132957,5.92767433142383,6.625566880379493,4.097658694349991,6.618919135734929,4.761022519134503,4.12716590333104,3.4624616463388325,5.261753462496355,4.348963341318221,5.365666686777811,5.836060258428058,2.7570635125659386,0,0,-0.8272028745801249,-0.3330856351593064,0.6203916219895537,-0.2277386091370299,0.22414317805452305,0
54,0,1,1,4.131105029885428,3.7448326172182664,5.145728031844191,4.197065301643558,4.270250861069494,5.1354708847331,3.523235087894025,3.6109480108398095,6.265393016916927,4.850733586734112,5.21213547599783,5.554966007210665,6.305788109077364,5.802250370199133,4.477212052178952,4.616087889103238,5.749786228668654,5.115458541959577,4.24524678196432,3.6649482400018503,3.4905154626826485,7.334733092754452,5.7812813505927325,5.019303250530201,5.468100657473843,0,0,-0.3022979532149473,1.8392744061285624,1.1802004799317662,1.260964494192152,-1.0435232075193324,0
55,1,1,0,3.7630699706975186,4.199383431439051,4.397156697388018,4.975029551540534,4.960268986310034,6.353842916634708,3.563395163863538,7.013697491621478,5.639384617221425,5.4163452570324555,4.527864684648871,5.655297775576261,3.88744388567806,5.346205106831412,6.297304371831896,3.387282668841956,6.932373626441339,6.476647918143702,4.151004312691339,3.766953363467887,4.743617017247045,5.07417345849744,6.423186684420673,4.427546754505144,4.354267516310404,0,0,-0.5528840972997546,1.8155729679911576,-0.6536953395191778,2.232096321243636,-1.0130833432159556,0
56,0,1,1,5.320530517979559,5.658730519300374,2.499524029514163,4.10009043399261,3.708400466897822,4.479731357162797,5.593096185429105,7.452453412723381,4.685617552236268,4.886380380678513,3.4649619112444165,6.645367514894241,5.978298032849313,3.8149421236228376,6.5179787775466025,4.799263065774622,3.797359580168069,5.250825777621255,5.343174735692317,4.796381979599022,5.259862395923963,4.03055484425817,5.630684701382503,3.6859652594585324,5.190907552852411,0,0,-0.09697145822123679,-0.5710820081205078,0.020041498758873826,0.7062858536059017,-1.4560720685934403,0
57,1,1,0,5.836878311270803,4.509930222431142,5.122422545346877,5.25144729478108,6.481241304157875,5.706728178363928,5.229525586854049,6.235426350235468,4.866214756252182,4.797464458706218,4.325585662520038,5.22690503515347,4.182926721362633,4.3408264668346135,5.085239126680352,4.6119421395343725,4.302946747515481,5.03580232531814,4.001402166794134,5.484003887215525,6.152878487835779,4.0987829332951,5.768415880772528,4.099178095546807,3.0658160492147135,0,0,-0.7526884678128432,-0.5402555716206954,-1.4857479218458123,0.04128829464003232,-0.5165382370658309,0
58,1,1,1,7.902420180714782,5.198902725224174,3.9061770177360438,5.767043379021553,5.955618860004373,5.638932146693911,4.569422837416534,3.553620043510782,4.647680348571449,4.873489000511956,5.831833302278937,5.583268326928609,5.250844627452871,5.451413288680249,4.69081128265762,4.368588129964908,5.749738647106778,6.313748797224479,5.29930578032389,6.097658584901556,5.050329164499802,4.94638113112787,4.092509929145461,5.584549001037874,5.554266622353649,0,0,0.3065907085847705,-0.0957197393920814,0.15862978782043202,-1.1048085037473392,-1.025518731050417,0
59,1,1,0,6.708906934885004,6.930487168172463,4.64852588313102,5.233284556423111,6.616034136807686,3.868099609078441,4.439530691268504,5.822139044838689,6.677229182179033,4.399576652848015,5.843240543218426,4.587055376382494,4.553170358915094,4.1550764734451855,5.244881150084335,4.689265503812081,3.6562671592995364,5.24527452576946,5.23051689690679,4.275245688334902,4.4595399610042445,4.991799118574876,4.859468556955959,5.275979753566573,4.437125553391957,0,0,-0.20245027974228647,-0.44479617033426067,0.13022102325705948,-2.0700387774927687,1.3780857799428403,0
60,0,0,1,3.9460230186750342,3.7589131183348163,4.31215960471679,6.3665974755165005,4.695464168779734,5.961680115471378,5.351317332423647,6.181675445443294,3.73470744845289,6.258627318912734,3.6156396097837504,5.369366053253656,5.069524826554455,4.290482451817385,5.538042979981204,3.9685765980681333,3.7281863182228436,4.337491816609503,4.939227032889866,4.680281011273499,4.963276848794725,5.408095876457758,3.924047840317325,5.0287391779496105,4.821968266152073,0,0,1.2325378343540125,-1.978422306616383,2.356756320895126,0.6405435815532581,-1.3474227948027706,0
61,1,0,1,4.762650429383284,5.383433285799972,2.8580184800683983,6.14507346361343,3.4016406285798775,4.550534259729315,5.955835106213928,5.913442235131944,4.246059734907472,4.50446725558556,4.683564346217504,4.1268438889792405,3.8170511961686997,5.603968772197164,5.812638396839363,5.326818707752374,6.009871618083371,5.060163110798334,6.9939431009642306,3.7736156214483274,3.7395971039395692,5.692438463003302,4.827639255500424,4.8534279974772225,5.6445126142124025,0,0,0.2795541916739928,-0.391690391371849,0.31672961558813534,0.6619296247212733,2.4766628110039908,0
62,1,1,0,4.276648899725467,5.7491422649560455,4.303288553205393,6.943454577371563,1.210303822386202,4.974806542654263,5.580567258974853,5.218183383874689,5.923481677808086,4.0709491639488125,5.295327420243975,5.690001293317668,4.849187430931581,4.022990204186757,6.165392553627507,5.821203085251256,4.5047339720162345,3.50230499452496,6.634484493660265,4.708910282021271,5.91896905591011,5.296284462295024,5.979944019142398,4.253633643990545,5.06809086035228,0,0,2.1619692421859735,-0.11795703277532155,1.394733320515404,2.6477687623988895,-0.9239874841233415,0
63,0,0,1,6.392506323473806,4.018830013215913,4.330459698914003,3.698750460118433,6.386748649901044,4.49793770539368,3.6826096431962356,3.062545512578537,5.347265229507685,5.137739442459507,3.9472031500676303,3.888412298063562,4.441837069688373,4.840022688880606,3.993930727009202,5.1303882574536095,6.747063154375235,3.506415815120131,3.979814748703524,4.811909961922887,5.4414396083022885,5.528287531731269,4.68721422349822,4.433379272784822,4.437320552006602,0,0,-1.3639771262655767,-0.20973403816208525,0.035614446980646315,-0.6257772487958037,-0.9339373663893555,0
64,0,1,0,5.656825362298971,4.617659705091603,2.6704866979339936,5.999262236414526,3.7677286240021304,5.323927175026404,5.468578928919761,6.371298605162044,5.271244107773652,5.944365547115845,5.022429496018172,4.671352233194291,5.267778902395351,7.135858920921685,4.650867783416716,4.387761389392805,5.880207909449815,4.125303212560286,4.8307430315754925,5.284652548319167,5.769119789484943,4.151059741422415,4.236121986807353,6.1908760505388845,5.616192000881944,0,0,0.5349461893470161,-0.7642800964492305,1.1166775527071924,-1.1433435976968274,1.0474014092050596,0
65,1,0,0,5.095865007709758,5.721130140613609,5.728655248183912,3.9474686170055966,5.065099972916745,3.0547818084812053,4.866508093794025,5.0412269772464136,3.5011107348873414,5.1948527711526244,5.1193798490557585,6.002126082611182,5.6407477455745125,5.870771087649251,4.889444460641241,4.931068048104104,6.674781946927071,3.979305598649096,5.8687686009105535,4.6765644602786525,7.685088710144632,5.406470188132254,4.2654417769826765,4.450404485773882,4.082949124399988,0,0,-1.587476890755815,0.9781065797580579,0.3735307542332969,0.6377364837586198,-1.213226207506104,0
66,1,1,1,4.047763338353717,5.8421083233686835,5.593061525441101,4.32836233524158,3.994618773257294,5.963599099554753,4.831325756919006,3.9967294201423242,6.449470289274227,6.198733662039478,6.756004189826771,5.81200051429249,6.124737440764981,4.8367336150949845,5.731814052013322,5.328342945893359,5.161039801774703,6.117198976187245,6.004815896653225,4.00395784806104,5.554009629106881,4.617009557687618,4.37976888499294,3.546883736411892,5.39414652352445,0,0,1.2577484938032415,-2.2248093656766885,-0.13301480066584961,0.9319552371857968,-1.4695904559409334,0
67,0,0,0,5.817044371172744,4.3405566504610436,5.127200213632279,4.874413540240557,5.59193508071521,3.856819474061277,3.490621652058887,6.045956712704838,4.193225606420317,4.9568925071689085,3.740462819461987,4.474625283641422,3.0151377706600737,4.598489633578204,4.861220335561693,6.153693182250297,4.867061385502439,3.9635880939004746,2.7951846799330355,4.831240888540648,5.058333200014741,4.123419640755515,5.425314864426216,5.059275634532274,4.757087438741173,0,0,0.993970311752695,-0.39305681040502755,-0.19463248601576072,-0.9018904449191889,0.8983540592980396,0
68,1,0,1,4.771255778205725,5.3158774074661475,6.258932040553305,4.033462246979628,3.1782729945923824,5.207363658442138,5.492850524324271,4.18988206816606,4.072235011401326,3.7625938659528853,4.145242341799573,3.751102550158783,6.483809189295203,4.6212057560748585,6.039457485966893,5.811405551899802,4.238167573400113,5.21636242840654,4.9386603565444975,5.235684556735583,5.61997308718786,5.721850796931661,6.203666325084924,5.643558396327547,6.84577856636243,0,0,-0.1605568333354208,1.773966747142157,-1.9855968397052908,-0.2131534666770392,-1.0405691330532254,0
69,1,0,1,5.297467053556859,3.4742663398686813,4.738372322067613,4.772267317549675,4.5146349632814955,3.5809016444219077,4.466930317154297,4.0039107806016725,4.38737151585513,6.303638153607069,3.4632334407381133,3.8416956890471003,5.195301018188007,3.7844461234148605,5.213101423158687,2.834656195614495,5.32526026133133,4.645105852940003,5.960609303486507,4.423101009484875,4.600277494359454,6.467619597155714,5.361208285398037,2.7591685460298216,2.3908998926015097,0,0,1.9047357317646254,1.4869410256409163,0.9510420211407296,0.09475120946296296,0.3495833008139489,0
70,0,0,0,5.465809649538881,4.323506079790867,3.049802099074439,4.567640720024737,3.5028870854989,5.523735458268555,6.61904840396512,5.8110429960884185,3.9440337775559287,5.343286370413046,4.417875504163832,4.233046256719236,4.339037832417501,3.4726799556776164,4.581904972643958,4.269595331374107,6.284555150740841,4.597853699243402,4.3011404236587785,4.7619809278976035,4.059154777649998,4.916613535675459,4.946876999469638,7.359407270201909,5.2107383116844215,0,0,1.3051751146790498,-0.8491779481752754,-0.2089936942033523,2.314117009922615,-0.48434964380579465,0
71,0,1,1,5.590076739406072,5.779691416279606,3.4957609767766695,4.567301681185867,5.63563283120638,5.431062161148065,3.0262537011478257,4.134231119936347,5.175674362824562,5.564806300557357,5.072089138763381,5.133414818056641,4.754900142237024,6.424272471208383,4.635407335537645,5.79911139420258,6.297719329766032,7.468910655742727,6.397861135760005,5.363177300221505,5.1209938331066365,4.737839381216489,6.020241206233836,6.221699617202958,5.196665040914231,0,0,-1.054654072128915,-0.7383731104755993,-2.5381146680700377,0.1296163056260934,-0.015423183366601607,0
72,1,1,1,5.85792096107445,6.353377156993516,4.886748200181041,3.40223231631785,4.709960696770557,6.473268970642636,6.206848198710381,4.548679011999561,6.349280241544209,5.655431596350641,3.1630916609003963,4.755859531529247,5.0987654299438905,2.844929839994605,3.2199852529369886,4.727996571263519,4.703675819988494,4.02336401168548,6.1768070573905005,5.6570198948264565,4.95332306880034,6.781531746377608,3.0933024493453973,5.961842949742663,3.309616575852383,0,0,1.8423243127510338,-0.22481967612817982,1.1438906535184006,0.6190424194032336,-0.43651092796304714,0
73,0,1,1,5.106458590167513,4.81735922129006,5.498764803685915,5.21218710432351,3.6000870559762768,6.352876463024816,4.2325184596804,5.774500355774528,6.488161619166724,3.622262946902585,3.3109723807330846,5.246004392217264,5.6290230223905935,5.545376603904899,5.279916884227315,4.423490525312455,5.140919753950197,4.7565117307770945,5.823200701369334,3.5644374973366535,4.544444737407201,2.5900224579181232,6.602861962122649,3.878417023718803,5.863946654693979,0,0,-0.5844427152639377,-0.08062266295086697,0.32127158186381094,0.24178826616517174,0.6476120468149908,0
74,0,0,0,5.249767263051066,4.3358675574286805,4.828545509534155,5.888035515701922,3.938319962709989,3.722688352801459,4.77970101144072,4.489716284872134,5.852961955804073,7.3903726914910575,4.79654652884446,3.4816308681334167,6.667029818361932,5.458036219760529,4.209437575004639,5.8618994032405904,5.672566818577279,4.907801679727631,5.2973807072360986,5.854746777568624,5.9836660466464116,7.368028957168812,3.781743898839644,4.309983776338216,5.669766061622828,0,0,0.540093880502389,-1.3287536370112203,0.5422855095704184,0.09917015367529576,-0.3081018296083357,0
75,0,1,1,3.859001597505719,5.14854546986969,5.863722424480988,4.524237297918406,6.74398668514608,5.746524525800432,3.893864837725487,6.30679626007414,3.449582218231753,4.844621836143678,4.614298024426472,4.266990917104356,5.889560322820246,5.882250282903007,5.302665030313295,5.568358183464904,5.458437130852943,5.817082953026361,4.6594089076248855,4.91556638005064,6.524331049807564,4.04681748081084,5.840071434426549,3.9706862841343336,6.272742497899522,0,0,-0.11671217858814234,1.3242114854095282,-1.1041099170544062,-1.7947953285023113,0.3628354737033861,0
76,0,1,1,3.3058854370634227,4.002537766225528,6.584466705254831,5.268358584363521,2.866410475720519,3.5346182157494517,5.2938643849946345,5.179520550980275,4.410284615438651,4.771799007996505,5.465895381679816,4.816107212984568,5.58724980912223,5.055664015152849,5.552120190128594,5.470485563239916,4.494547468725479,4.255703373678043,5.678010212213085,4.488542847490208,5.5140932624739385,5.241193208731633,3.8907648749703667,6.681197832975293,3.855198638437278,0,0,1.3856036471493438,0.2696222086681142,-0.13225927266331974,-0.28485162144381043,-1.5816075246407282,0
77,0,0,0,6.184828473701435,7.10186592982736,4.914152490920653,4.697155488810623,3.872300936411909,5.178409105880693,6.877518185776454,5.341744473027637,6.046800603690912,7.966225973653954,4.596235143508712,3.634135651740339,4.651948030074335,5.2624469952604755,3.818078084375009,4.435040271021855,4.272911265228349,6.3202161402586405,6.25230174365842,4.89306697845023,4.3855906547790555,5.977072504852636,5.2927676999649265,5.601211304013945,4.881284040713022,0,0,0.6018136853554507,-0.5605917772187933,-0.4138898120112688,0.8262031878660542,-0.44698266089723865,0
78,1,1,1,5.021359583722878,3.348676236874101,5.041587986374758,2.888005824633973,5.013112389288992,5.845488344969501,4.004700378406191,5.796826968984378,6.376526335452013,4.016344245166077,3.7023900422368907,5.742162136161016,6.0490262066962295,4.888798805456754,5.264417582919082,3.932966625159823,5.695879177299259,5.31093197886643,4.901614500516591,6.2830116904730815,5.305899961004927,4.51196789507334,4.670057048038727,5.2506779040476355,5.193267665802231,0,0,0.7212773027458615,-0.14783630107338586,0.11725303222586562,0.6419710265993916,0.03652122326645584,0
79,0,0,1,3.5002160498331767,4.534009315147508,5.542650204256812,2.7745854794767024,6.401544136626611,3.78222978921918,4.07536900802857,4.961592916552514,8.158189506190057,4.9901908318668555,6.863566265085861,4.39652953737241,5.803551015342308,5.136540639906929,4.671714604184462,4.335699096411794,7.561523788911723,4.510159663758087,3.5685766004061215,3.0943523242292454,5.973490587611972,6.560219104860165,5.005406089525616,5.845241730004316,5.30881809833177,0,0,0.9646179348285588,-0.04433673539357917,-1.4490737623980292,1.8745239520281851,-0.48269742278207395,0
80,0,0,0,3.844539635088233,6.033664484739951,6.391888561792337,4.248316652950069,5.021876167454158,5.9771111567863295,4.108756122422969,3.768647849829789,5.652277849393896,6.125410441771102,5.508314232337447,4.467977340471694,5.5554783509603665,4.235938868658814,5.762112437633658,4.503108348083843,4.929830511987067,4.683461898870514,5.942714473152581,5.57417634658727,4.423985562385563,5.079622176648644,5.291270877041361,4.513469462202896,4.85718255897241,0,0,-1.102678290229894,-0.4111759737673114,0.17866321298284263,-2.0981879249088102,-1.4211971519740119,0
81,0,0,0,4.26267857184373,5.343074758194519,6.0102043197602395,6.26224103534548,5.758991954789336,5.749438044318896,4.624652944016445,3.9719431446060076,5.41240119704171,5.544459368587847,6.721833727398582,4.6487760297642255,4.955717026750355,6.364360594119248,5.571810012711543,4.445625540549115,5.7385908394175615,4.543454357842586,5.023279357032237,5.752930376041505,5.0133177656531585,5.172907149096629,6.388651579060108,4.539724130327292,6.730745751799859,0,0,0.5190042326954536,1.855415383043361,0.39659448476438686,2.3743912697075604,1.174606271978873,0
82,1,0,1,6.620729344603079,6.2240749534098985,6.223140876201452,4.842699028435234,5.602531049836287,4.763179408689273,5.436980130003615,5.127160428482672,4.363942614518911,6.914231026420108,5.473346589662131,5.332706438197728,3.9347855193279955,5.07365078339461,2.723503262023074,4.832129964278524,4.284164080574311,5.613620925530173,3.082685610953277,5.573499736261581,4.334731714797076,5.511430012148749,5.0626895541273695,3.174138050482056,4.254408271655661,0,0,-0.8205478534702145,0.536160396818662,0.691980863375721,-2.0262022799115074,1.0576589577276225,0
83,0,1,1,3.6068747382703883,5.277734114156766,5.530501869024048,4.621956855592802,4.854749463924603,5.041566358112241,5.788461920400577,4.634416737190753,5.797026071045949,3.840160303763023,3.554107458792736,5.136110427885681,6.747182917633422,4.6845750411901665,5.475533644013268,5.671432903903246,5.479063883694228,4.537447074971057,4.315500558370856,5.779898499027577,5.072675017863911,5.45124485525805,5.343396080387235,5.739036067992865,5.4837233779079515,0,0,0.38350692916164986,1.7915475682580124,-1.045262222380733,0.7038106452648066,-1.0097911025172932,0
84,0,1,0,5.524004807746683,2.7362847464174895,5.604435995977132,6.72551082931477,6.056900036172618,5.592392214120666,5.0045114258346395,5.275629376038508,5.4498819391090585,4.940245182422452,3.0322543276352847,5.806934111134018,4.4732273279700685,4.499207781408021,7.910575836204831,5.096535319233829,5.614427740173453,5.30244782527758,4.859750015553846,5.305568929011496,4.101563958961741,5.030753550301154,5.636218893757128,4.657393319267774,5.0145018552330844,0,0,1.0852915546342619,-1.5422242551393797,-0.1912362572689238,0.9609715545350157,-1.069611940675922,0
85,0,1,0,5.30878112876876,4.888670319242144,6.147467646573837,6.3425658203284225,4.768443876409581,5.158305295902876,5.5676688794306015,4.306783729981804,4.368232864399409,4.941541294319668,7.127748602705399,4.4616649257266054,6.736843057725834,5.88382171373182,3.5683759901198586,3.5921763581285253,5.57762031472011,5.111056814494849,7.193738040582087,4.289081386498246,5.725314651613533,4.056913911315681,4.694939244841811,4.726308160000925,4.439415959848109,0,0,0.553991667744769,0.41125034708641,-0.42300663626709806,-1.09960904413257,0.3537721651737463,0
86,0,0,0,4.811953489045802,3.590346522523241,5.3862897670318866,5.010294855919543,4.443048930508854,4.991612103867129,6.451890042276643,6.032406006460146,5.597475450973624,4.770090355508338,5.538569875525986,5.68265462807509,5.981074938735775,4.692398555081073,4.321682996355736,4.619638961003439,4.385965454203164,5.539960938381104,4.143931693990637,5.191952838876979,3.658440089846303,4.913505711209196,4.753998482108514,5.744276277467181,4.555568596831739,0,0,1.1525684952118425,0.4941168982074777,-2.0253587592383124,0.44460357326696676,1.1014770703568753,0
87,0,0,1,4.563918410112504,4.678468968262619,4.65657908944642,6.64238753926349,5.392606877238498,4.70203451310438,4.241436790234084,4.95300218687581,7.8608158125818886,4.947088322887201,5.592029649346177,4.418056395574408,3.9162135308907766,4.685636844632608,4.325222668848337,3.5195946502337563,4.608555419153054,4.910174249371799,5.277972413037148,3.623123661678174,5.195637847735744,4.463030824006735,5.683274544559914,3.939501699528314,4.907239629344399,0,0,-0.6049239776069911,-0.2783688385503881,-0.6249747054514345,-0.023810693673098328,-0.33128398495678546,0
88,0,0,0,6.200924300260023,5.906421207529906,5.520900483515519,3.8901212686408124,4.313493404024548,4.087543244799148,5.97831616295381,4.854861255336723,5.6735144783010965,5.193320820854696,6.224668568649596,3.1610763650520894,6.105472503164265,6.616137589999533,3.6584793063170014,5.1666744794434125,5.578976769431966,4.067306484042395,6.748647477890676,5.660739283383383,4.227719479914353,5.952286894750271,7.049371734934427,4.005885733737699,6.674059077320903,0,0,0.3785517891402749,-2.768995743338947,-0.6197849664225167,-0.9778732429288111,1.2373304471995827,0
89,1,1,1,5.7909195048944735,5.240253572515641,5.673946786845378,6.412003752341954,3.784951545496919,7.305541035101555,4.752134273201521,5.064288823576356,5.413087674457374,4.955645728634461,4.388341632035794,4.561107817177156,5.850722694445579,5.148528294077469,5.642286849815896,5.6333998987422875,2.892640895147956,4.672090083844334,3.8134059183844915,6.685983809419085,4.875355406227541,5.451376113707816,4.5425196628053985,5.973068594198757,5.1331400643956435,0,0,0.21316289278546627,1.097045883672419,-0.39506265772676386,0.37838668184573143,1.3451650456460564,0
90,1,1,1,5.96451169637793,4.457766895110573,4.3418166794121085,4.721234896983938,4.793504362738887,5.637636213503901,5.43346183210088,4.496255320412597,5.72130076016004,4.788186982822419,5.419900298142904,4.381566329712069,4.8098874417474375,4.845858162238759,3.4559600682439466,6.677279941707646,4.397107553176353,4.573525102087231,3.4114658336708423,4.610977781670356,5.60862177720327,5.18025527658353,4.079941649790315,5.9852404131847905,3.921906167989221,0,0,-0.7765261194130108,0.17698348585885657,-0.3803921363290123,0.08412785675828525,-1.0991660495178304,0
91,0,1,1,5.922296140944323,5.2838722282882715,4.75332877848097,6.636855437239404,4.164286321274907,6.558176638586195,5.351929320402017,5.792769564182747,5.316786578064768,3.4889048046353395,6.342610914395318,6.988471948868661,4.943964312978372,3.9959428282445515,6.925272179665397,4.281410514167951,4.896301265490408,5.5475653877789055,3.6464432302625642,5.652370947029913,3.8371951778036753,4.908826196611947,4.807151497130299,3.9787028678249463,7.011734190904918,0,0,-0.1670141701157846,0.007646523907237651,0.4394487463446121,0.3869859813372103,0.2770334316309714,0
92,0,0,0,4.397063293114876,3.3160333065524483,3.885911041633147,5.312836768561958,6.262958875314113,4.051931823589903,5.668815062350834,4.142725618946652,5.141901850923185,5.728978287566854,4.112424615886885,4.588481900859203,4.4560778597343536,5.044320712295611,2.68389272979261,4.416635131163414,5.611225410791416,6.456719553756071,4.597356386330977,3.2933709884719584,3.4593765190178423,5.306821422716116,4.986911487221854,5.029987454522517,4.98294768858719,0,0,0.3476548361422774,1.5668233705892853,-2.8714287840638977,-0.008886898486168695,-0.28549261091208944,0
93,1,1,1,7.01753115494574,4.6509110308638055,5.845538132256427,5.13894386187625,5.3169284365170695,3.9455742843753336,6.001815572853154,5.262782718685278,5.368215897027013,6.242766379080253,4.2326034012868226,5.372535187246625,3.661280604165933,5.8941535391751,6.173375479315461,5.201387613106216,4.72717708658426,5.811635830949444,5.896001021139182,4.355297754656233,5.59650523989836,4.702089538906708,3.1126426510374365,6.071937056024504,4.923305789835654,0,0,0.9473875482835492,0.03730866579518545,-1.9163647550661664,-1.847999930897577,-2.860446746222157,0
94,0,0,0,6.446136184896301,5.58331317232442,6.036963264148257,5.042575836813466,6.422302790478326,3.9134234131148533,2.853531823395864,4.201530984541319,5.783766883229618,5.822495704047677,5.297198343996919,6.713672626580036,5.053110309051183,5.1475197708747364,3.936665487568244,6.059915189371079,5.654607288667185,5.561646544588452,3.4051406894257603,5.796820361339381,5.050190206514317,6.043090582213623,3.773404568755037,5.7615933875051,3.845479512063161,0,0,-0.9709763394028121,2.120237182392229,-0.06779906148034004,1.3812041962733193,0.8359198699181968,0
95,1,0,0,5.444687126272484,4.936240093589013,3.21252910724111,4.447857635481948,3.7627011226105824,5.28098956563459,5.113861117538234,5.455000101674696,5.5775586843473075,4.362602858427721,4.862071140328878,5.007842636357537,5.300328767075947,6.46405174679162,6.021926733741643,7.281988588629484,6.358176592822524,5.39668092079289,4.614724158841857,4.609813802154972,6.500231464202328,5.386602781376708,5.483356168348163,4.232335196337381,5.158974334376302,0,0,1.114066248054831,-0.403820529834702,0.21682971870538925,-2.555071844606758,-0.06334341503090238,0
96,1,1,1,4.233365347182588,3.714029425257994,5.3923795791031734,5.185935826751421,4.7807232392842325,4.079747335495635,3.784869935286161,4.842885051556157,7.209393310240316,4.394896737757154,4.4774283948576565,5.608432383745974,6.398939439025404,4.543611118942915,4.963877006640998,6.828672286470324,3.912970891178192,4.222363862650659,4.1447608444747495,4.865878848644336,4.916866603708909,4.780557814299466,6.946678111012524,6.3753059603450595,4.207102643960245,0,0,-1.1691951754219667,0.5503641680820942,-0.6354184388295258,-0.18507853875290647,0.9320085331855773,0
97,0,1,0,5.198934833777953,4.6013648940628515,4.177748402897876,6.025628213918399,3.729401800526389,4.435249152571377,6.198558798054954,3.8192118787160902,4.826842137822483,4.619182364711918,7.132862918502,4.101511980677234,3.133801393778495,4.674806776343332,5.505808432137499,6.06371888606834,6.401226798047043,2.894074519215845,4.420562734629594,4.559154479864476,3.940158641351303,4.342107019637619,3.8738043659299564,6.550160536792243,3.86413245938827,0,0,-0.4842671478061408,-1.4646929165237712,-1.424634805804284,0.11380684844827363,-0.21177007315674845,0
98,0,1,1,5.621839098658589,3.5261949991425876,4.5692597689077985,3.255654453486736,6.653117314069221,5.815878508907158,4.395142998830927,6.316503119138365,6.080975477193014,5.901623836309168,5.808379169202498,6.5424622920146245,6.001504071770077,6.251477297512019,4.819312180800601,3.5930597123598664,5.214568064939685,6.63615830794751,5.3675389405451135,5.859074811114424,3.852153467001571,3.307546599131366,6.409633514931338,4.409440690530222,3.6364141869202173,0,0,0.00903094227172289,-0.31625714190309345,0.7073690536659589,0.8208545942365258,-0.2559959612434384,0
99,1,1,1,2.452417464187992,6.62218342913383,3.641715417119946,4.797656253811778,5.108878435801603,5.057638821302497,4.5600997629628015,5.465932167247539,3.959431273151159,5.654918606754412,4.961018925807954,7.156797655947248,5.52598186928867,5.477753534976692,4.615138172088115,6.645595553227475,4.391150960103601,5.333214578418424,5.281670037494112,6.73322828637503,4.8515484748907305,4.075405464894365,4.551679678129361,2.6727255891806223,4.8780607094478405,0,0,1.0401609795993876,-0.01332416165399672,-2.3771166317784505,0.7889912975053093,-0.7382731517142906,0
100,1,1,1,4.287156605334066,7.065683144435164,7.11992696631152,3.6962106663928314,4.770119663190134,4.537519125639297,3.4774358285791225,4.108188465402162,2.4012736153900724,4.800225167460895,5.313554353026769,5.233749546884694,4.897739558235124,4.444489164513863,5.910523073224829,6.342383587539756,4.7602542195610145,5.638118985464228,4.963780565141709,4.359982467598089,4.393466384285117,6.1422419500083505,5.29778902386316,5.564303299856375,4.241965592329195,0,0,0.06462591904129202,0.1319521604652499,-0.38018304694103433,0.1366243722484633,-1.3554192433341625,0
101,0,1,1,4.865029238101104,4.02800411106135,4.826249153289545,5.319974045369628,4.056125427040709,5.118982140068271,4.036375690134472,4.877132165331121,6.284638415413745,4.210594498510057,3.79440166147157,3.61138105043229,6.505892075367926,5.554607530330644,6.741115737792394,6.124422424404669,5.707485871288747,2.4191782582813626,5.0788517396105215,7.191635584221304,4.5848570759838,6.4369058485066155,3.7140141176014487,4.8761847556575715,3.0680576334002803,0,0,0.43640917353047903,-1.0537577329151895,0.6145898935006633,1.0558314627900818,0.06765047835603935,0
102,0,0,1,6.84589834417841,3.9239903527340267,3.336447290411332,4.332286169584034,3.1262706922282195,4.588171814252941,4.84884887562789,4.793358062885219,4.463239744460266,5.1887552034598174,5.4638691244707,6.288217013857093,4.7174307681761025,3.8212056922722923,3.6743697825687973,5.512911844728425,4.357768255746982,4.623536757717729,4.256405857865197,4.394941054670738,6.972428029849116,5.112156096308647,5.927208505735504,3.367988454444982,4.817927990441789,0,0,0.22601224220682462,-0.19526139010932422,-3.19368622819132,2.4176204409295408,1.1671417697876247,0
103,0,1,0,2.8988046524626165,7.119679717763823,3.7435150444214425,4.568658356502534,5.348135606210724,4.752986322169556,3.3377935782499892,5.563569695112395,5.68419521942972,4.998285758278137,5.70008365001377,4.365233977209979,3.2174110739919835,4.1934152763040125,3.8707706951786394,4.943623457011024,4.833152062321747,6.151094136316164,5.577603893348745,7.529241695963622,3.487355307381458,3.243113776721066,5.086321724279608,5.0011570741686056,5.9533528555073465,0,0,-0.564077362942753,0.5891353797778444,0.24326457275287353,-1.5724388446623028,-0.7750913946630666,0
104,1,0,1,2.611222383457704,4.83235792655838,4.2067786327883905,5.287170078086232,3.059654213123989,4.794231454011956,6.0067281632506875,5.407222448689009,3.3079137777900214,4.721119213610581,5.096668260782392,5.911521081386911,4.803370143286418,5.087894386026229,4.60441621824045,3.4755882075682205,3.3297478175763615,4.666095015195661,5.037022135168681,3.655248124801886,6.015843665339027,4.636574671865722,5.320768758938332,3.9438129584932313,5.405854095297725,0,0,2.638878077017867,0.8986003870880047,-1.368914403881581,-1.1196884645848888,0.8476932502814699,0
